AMMTO Manure Managemnt Technology Supplier Contact List,,,,,,,,,
Company Name,Contact Person,Email,Phone No.,Fax No. ,Street Address,Town,Province,Country,Postal Code
"A.D. Associates, LLC / Earth Balance Technologies, Ltd. ",,,303-499-3133,303-402-5305,752 Gapter Rd. ,Boulder,CO ,USA,80303
A.I. Engineering Services,Dr. Aaron Itkin,aiesitkin@rogers.com,416-398-5746,416-398-9363,4458 Bathurst St. ,Toronto,ON,CANADA,M3H 3S2
A.O. Smith Engineered Storage Products Company,Dave Friederick,,815-756-1551   ,815-756-1659,345 Harvestore Drive,Dekalb,IL,USA,60115
AAT GmbH,,aat.wolfurt@eunet.at ,+43 5574 65190,+43 5574 65185,Kelhofstraße 12,6922 Wolfurt,,AUSTRIA,
"ACHEMCO, Inc. ",George Moore,,,,P.O. Box 2297,Wilmington,NC,USA,28402
"AD Technology, Ltd.",Chris Reynell,,+44 1264 810 569,+44 1264 810 131,"Windover Farm, Longstock Stockbridge",Hampshire,,UNITED KINGDOM,SO20 6DJ
ADI Systems Inc.,Robert Landine,adigroup@adi.ca,506-452-7307,506-452-7308,"1113 Regent St., Suite 300",Fredericton,NB,CANADA,E3B 3Z2
Advanced H2O Inc. ,,information@advanced-h2o.com ,425-746-8100 or 1-888-391-1522,425-746-9228,13226 SE 30th Street Suite B3,Bellevue,WA,USA,98005
Aeromix,,aeromix@aeromix.com,1-800-879-3677 or 763-746-8400,763-746-8408,7135 Madison Avenue West,Minneapolis,MN,USA,55427-3601
"Aerotech, Inc. Distributor for Oxyzone Systems ",Janette and Craig Morley,"aerotech@aerotech-inc.com
",1-888-335-0100 or  517-676-7070,517-676-7078,4215 Legion Drive,Mason,MI,USA,48854
Ag Environmental Solutions (AES),,AES@athenet.net,920-532-4804,920-532-0335,2768 Poplar Street,Wrightstown,WI,USA,54180
AG Systems International,T.J. Tooley,tooley@frontiernet.net,715-823-3242,,89 13th Street,Clintonville,WI,USA,54929
AG Waste Management Corp.,Jean-Noel Guyot,,204-895-0700,,Box 179,Oak Bluff,MB,CANADA,R0G 1N0
AG Water Technologies (Interglobal Waste Management Inc.),"Hal Katersky
",,805-388-1588,805-388-0667,820 Calle Plano Ave.,Camarillo,CA,USA,93012
AgPro. Inc.,Joe Gribble,,503-829-4844 ,,32854 South Dryland Road ,Molalla,OR,USA,97038
Agri Bio Systems,Dr. Richard Vetter,rvagribio@aol.com,847-888-7854   ,847-888-1484,2333 Tara Drive,Elgin,IL,USA,60123
Agrico Canada Ltd / Ltée,Jay Whitelaw,jwhitelaw@agricocanada.com,905-672-5700 X 312,905-672-5544,"2896 Slough Street, Unit 6",Mississauga,ON,CANADA,L4T 1G3
Agricultural Engineering Associates,John A. George,georgeaea@ckt.net ,620-756-1000,,102 East Second,Uniontown,KS,USA,66779
AGRIN LLC,Ray Crammond,rcrammond@agrin.com ,515-965-8301 ,515-965-8301 ,P.O. Box 1955 ,Ames,IA,USA,50010
AgriRecycle Inc.,Scott Jacobs,sjacobs1@agrirecycle.com,1-800-785-5514 or 417-831-3001 ,"417-831-5121
","1525 West Sunshine, Suite C ",Springfield,MO,USA,65807
AgriWaste Technology Inc. ,"Mac Safley, Jr. ",awt@agriwaste.com,919-859-0669 ,919-233-1970 ,5400 Etta Burke Court ,Raleigh,NC,USA,27606
Agronix Inc. ,Brian Hauff,brian@agronixinc.com,604-714-1606 or 1-877-377-2974,604-714-1605,1666 West 75 Avenue - 2nd Floor,Vancouver,BC,CANADA,V6P 6G2
Agway Farm Research Center,Stanley Weeks,,315-683-5700 (nis),,"6978 New York, Route 80",Tully,NY,USA,13159
AJT & Associates Inc. ,Mr. Wood / Todd Willoughby,ajt@ajt-assoc.com,321-783-7989,321-783-7597,8910 Astronaut Blvd,Cape Canaveral,FL,USA,32920
Al Larson Distributing,Al Larson,,888-231-1002 or 402-493-0455,402-498-0268,13105 Hamilton St. ,Omaha,NE,USA ,68154
ALBERS DAIRY EQUIPMENT,,office@albersdairyequipment.com,909-597-5537 or 1-800-872-5441,909-393-8784,"14470 S. Euclid Ave.
",Chino,CA,USA,91710-8807
Alberta Research Council,Xiaomei Li,xiaomei@arc.ab.ca,780-450-5290,780-450-5333,250 Karl Clark Road,Edmonton,AL ,CANADA,T6N 1E4
Aleksander Grujicic,"Aleksander Grujicic, Aleksandra Drizo","agrujicic@sympatico.ca , aleksandra.drizo@courriel.polymtl.ca","514-845-9788, 514-571-4489","514-845-9788, 514-729-9100",210 Rachel St. E. #1A,Montreal,QC,CANADA,H2W  1E3
Alfa Laval Separation A/S,Trevor VanDale,trevor.vandale@alfalaval.ca,416-297-6340,416-299-5864,101 Milner Ave. ,Scarborough,ON,CANADA,M1S 4S6
Allied Environmental,Tim Bender,,519-462-1117,,P.O. Box 225,New Hamburg,ON,CANADA,N0B 2G0
"Altech, Inc. ",,,859-885-9613,859-885-6736,3031 Catnip Hill Pike,Nicholasville,KY,USA,40356
Altex Technologies Corporation,"Dr. John T. Kelly, President",info@altextech.com,408-982-2302,408-980-8611,"650 Nuttman Street, Suite 144",Santa Clara,CA,USA,95054-2620
American Bio Catalysts,,,804-515-0564,804-515-0566,P.O. Box 15104,Richmond,VA,USA,23227-0504
"American Eco-Systems, Inc., The Nature's Key Co. ","Paul Laccoarce, (Jim Wilkins in CD)",natures@netins.net ,800-433-2999,319-646-2843,"P.O. Box 109, 125 9th Avel",Wellman,IA,USA,52356
American Farm Products Inc. ,Bill Absalom,,734-484-4180 or US 800-624-7530 or CDN 800-223-7023,734-485-4343,300 North Huron St. ,Ypsilanti,MI,USA,48197
AN Machinenbau und Umwelttschutzanlagen,,,+49 421 694 580,+49 421 642 283,Waterbergstraße 11,28237 Bremen,,GERMANY,
Anaerobics Inc. ,,info@anaerobics.com ,315-364-5062,,"Aurora Place, Suite 202",Aurora,NY,USA ,13026
Anergen Corp,Eshwar Noojibail,enoojibail@anergen.com,847-498-4545,847-498-4547,663 Academy Drive,Northbrook,IL,USA,60062
Ansager Staldrens ApS,(Aage Winther),post@ansager-aps.dk,+45 7529 7311,+45 7529 7874,Kærbækvej 21,DK-6823 Ansager,,Denmark,
"Applied Technologies, Inc. ",John Kouba,jfkouba@ati-ae.com,262-784-7690   ,262-784-6847,16815 W. Wisconsin Ave.,Brookfield,WI,USA,53005
Aqua Treatment Technologies,Lloyd Rozema,lrozema@aqua-tt.com,905-327-4571 (905-563-9980),905-935-0397,24B Nihan Drive,St. Catharines,ON,CANADA,L2N 1L2
Aqualogy BioRemedics,,crescent@aqualogy.com,480-893-9234,602-244-0522,4331 E. Western Star Blvd. ,Phoenix,AZ,USA,85044-1007
Aquasol EnviroTech Ltd.,Don Fitzsimons,,905-877-2831,,5 Crombie Place,Georgetown,ON,CANADA,L7G 1K1
Aquasol Technologies Inc. (formerly Noralta Technologies),José Lourenço (see Aquasol EnviroTech),Josentc@connect.ab.ca (fatal),403-487-4243,403-487-8875,17307 - 107 Avenue,Edmonton,AB,CANADA,T5S 1E5
Arge Biogas,Walter Graf,,+43 14 064 579,,Blindergaße 4/10-11,1080 Vienna,,AUSTRIA,
ATD Waste Systems Inc.,J. Victor Van Slyke,vicatd@direct.ca,604-736-4474,604-736-4493,3095 West 24th Ave.,Vancouver,BC,CANADA,V6L 1R7
AVC Inc. - Pork Production Innovation Group,"Dr. Shona Whyte, Director",swhyte@upei.ca,902-628-4366,,550 University Avenue,Charlottetown,PE,CANADA,C1N 4P3
Avonbank Farm Equipment,Frank Hogervorst,,519-225-2507,519-225-2506,"15456 Elginfield Road 
",Granton,ON,CANADA,NOM 1VO 
Baler Equipment Co. ,,baler@teleport.com,503-292-4118 or 1-800-426-1723,503-297-5991 ,PO Box 25150,Porteland,OR,USA,97298
Ballagh Liquid Technologies Inc.,Byron Ballagh,ballaliquidtech@wightman.ca ,519-357-4600 or 1-877-312-4600,519-357-4630,"c/o Byron Ballagh,
RR#2 ",Wingham,ON,CANADA,N0G 2W0
Balzer Inc. ,Eileen Adrian,balzerinc@usinternet.com (fatal),1-800-795-8551 x. 125,,"County Road 27, Box 458",Mountain Lake,MN,USA,56159
Balzer Inc. ,Randy McMahon,,1-800-795-8551,507-427-2364,725 Union Road,Cedar Falls,IA,USA,50613
"Barr-Rosin Inc.
",Chris Theodorakakos,chris_theodorakakos@barr-rosin.ca,450-437-5252,450-437-6740,"92 Boulevard Prevost
",Boisbriand,PQ,CANADA,J7G 2S2
"Bart & Associates, Inc.",Kevin Bart,kevinbart@worldnet.att.net,888-355-6004,678-445-7384 ,2835 LANDING WAY,Marietta,GA,USA,30066
Baumgartner Environics,Chris ,biocap@bei-ec.com,320-523-1644,320-523-1998,2510 West Lincoln,Olivia,MN,USA,56277-1711
"Bazooka Farmstar, Inc.",Rick Clemets,service@bazookafarmstar.com ,1-800-775-7448  or  319-653-5080 ,319-653-5806,P.O. Box 869,Washington,IA ,USA,52353
"BBK bio airclean A/S
",Arne Poulson,bbk@bbk.dk,+45 7567 6066,+45 7567 6580,"Linnerupvej 5
",Hjortsvang,,DENMARK,DK-7160 Tørring
Biocel/Heidemij Realisatie BV,Wilem Elsinga,,+31 26 377 8304,+31 26 442 6984,Postbox 139,6800 AC Amhem,,THE NETHERLANDS,
"BioDigestor Technologies, Inc. (defunct)",,,701-775-8775,701-775-8117,830 South 48th Street,Grand Forks,ND,USA,58201
BIOGEM,Grant Meikle,mikeh@telusplanet.net,403-783-8633,403-783-8699,Box 4094,Ponoka,AL,CANADA,
Biomax Inc. ,Marc Dugas  Jeausette Scorsone,general@biomax.qc.ca jscorsone@biomax.qc.ca,418-529-2585 x. 227,418-529-9413,"764, Saint-Joseph street East, suite 124",Québec ,QC,CANADA,G1K 3C4
"Bion Technologies, Inc. ",Jeffrey S. Poulsen,jeff_poulsen@biontech.com,716-633-4674 or 800-769-2466,716-633-4966,8899 Main St. ,Williamsville,NY,USA ,14221
Bioplan A/S,,info@bioplan.dk (fatal),+45 86 613 833,+45 86 626 836,Livørvej 21,DK-8800 Viborg,,DENMARK,
"BioRecycling Technologies, Inc.",Jim Hamamoto,,909-899-2982(wrong),909-899-9519,6101 Cherry Avenue,Fontana,CA,USA,92336
BioRefinex Overview,Hugo Shaw,hugoshaw@comcast.net,410-729-7278 cell: 403-519-9879,,759 Spring Bloom Drive,Millersville,Maryland,USA,21108
Biorem Technologies Inc. ,Richard Puntis,rpuntis@bioremtech.com,519-767-9100 x.224,519-767-1824,"7496 Wellington Road 34, RR# 3",Guelph,ON,CANADA,N1H 6H9
Bioscan,Morten Winther,dtcmont@cam.org,514-499-2099,514-499-0767,"1350, rue Sherbrooke Ouest, bur.1410",Montreal,QC,CANADA,
Bioscan A/S,Poul Ejnar Rasmussen,bioscan@bioscan.dk,+45 66 157 071,+45 66 157 771,"Ørbækvej 101, PO Box 426",DK-5220 Odense SØ,,DENMARK,
"BIO-SURGE, Inc. ",Fred Heyrich,,806-374-3586,806-373-5683,"1003-1009 South Lincoln Ave., NE Corner 11th and So. Lincoln",Amarillo,TX,USA,794101-3639
Biotac Agri-Life Systems,,,402-489-2411 Disconnected,,1919 South 40th St. #106,Lincoln,NE,USA,68506
Biotal Canada Limited,Dr. Bob Charley,drbobcharley@aol.com,905-468-9035,905 468 9036,"P.O. Box 8000-272, 454 Mississauga St.",Niagara-on-the-Lake,ON,CANADA,L0S 1J0
Bio-Terre Systems Inc.,Dennis Hodgkinson,dgh@dghengineering.com,204-334-8846,204-334-6965,12 Aviation Blvd.,St. Andrews,MB,CANADA,R1A 3N5
Biothane,Mike Griffith,sales@biothane.com mgriffith@biothane.com,856-541-3500,856-541-3366,2500 Broadway/Dwr.# 5,Camden,NJ,USA,08104
BioWastEnergy Canada Inc.,Derek Pepper,pepperd@sympatico.ca,519-268-3375 cell: 519-872-7923,519-268-2675,100 Fullarton St. ,London,ON,CANADA,N6A 1K1
BKS Nordic AB,,,+46 243 370 38,+46 243 375 73,PO Box 6035,Fabriksgaten,,SWEDEN,S-781 06 Borlänge
Blossom Agritec,John Chen ,,604-852-1688 fatal,604-852-1887 fatal,2584 James Street,Abbotsford,BC,CANADA,V2T 3L5
Böhni Energie & Umwelt GmbH,Thomas Böhni,energie-umwelt@econophone.ch,+41 52 728 89 97,+41 52 728 89 09 ,Industriestrasse 23,CH - 8500 Frauenfeld,,SWITZERLAND,
Brome Agri Sales Ltd,John Brown,,450-266-5323,450-266-5708,2389 Route 202,Dunham,QC,CANADA,J0E 1M0
"Brubaker Agronomic Consulting, Inc.",Michael Brubaker,mikeb@brubakerag.com (fatal),717-859-3276   ,717-859-3416,4340 Oregon Pike,Ephrata,PA ,USA,17522
BRV Technologie Systeme GmbH,,,+49 250 129 106,+49 250 129 108,Westfalenstraße 208,D-48165 Münster,,GERMANY,
BSI Environmental Inc./Umweltschutz Nord Gmbh / Kreig & Fischer Engineers,Charles Bird,charlesbird@juno.com,503-513-5457,503-318-5466,12312 SE River Road,Milwaukie,OR ,USA,
BTA: Biotechnische Abfallverwertung GmbH & Co. KG,Harry Wiljan,post@bta-technologie.de,+49 89 522 014,+49 89 523 2329,Rottmannstraße 18,D-80333 München,,GERMANY,
BTG Biomass Technology Group BV,"Dr. Ir. B. van de Beld 
",vandebeld@btgworld.com   office@btgworld.com,van de Beld  +31 53 486 2288  office: +31 53 489 2897,+31 53 489 3116,"c/o University of Twente, PO Box 217",NL-7500 AE Enschede,,NETHERLANDS,
BWSC: Burnmeister & Wain Scandanavian Contractors A/S,Erik Breiner Kristensen,ebk@bwsc.dk,+45 48 140 022,+45 48 140 150,"Gydevang 35, Box 235",DK-3450 Allerød,,DENMARK,
"Cal-Agri Products, LLC",,,407-332-9352,407-332-7153,110 Rose Briar Dr.,Longwood,FL,USA,32750
Can-Ag Enterprises Ltd,Michelle Cabalt,,,,14805 - 119 Avenue,Edmonton,AB,CANADA,T5L 2N9
Carl Bro Environmental A/S,Bent Raben,cbg@carlbro.dk,+45 43 486 060,+45 43 964 414,Granskoven 8,DK-2600 Glostrup,,DENMARK,
CAWI CANADA,,cawi@telusplanet.net,403-936-0497,403-936-0498,Box 11,Langdon,AB,CANADA,T0J 1X0
"Cellinite Technologies Co. LLC
",John DiTuro,jdituro@cellinite.com ,732-323-0300 cell: 914-443-0254,732-323-0368 ,2002 Rt.70 Suite 2 ,Manchester,NJ,USA,08759
Centre de recherche industrielle du Québec,Paul Toupin,,418-659-1550,418-652-2251,"Parc technologique du Québec métropolitain, 333, rue Franquet",Sainte-Foy,QC,CANADA,G1P 4C7
Centre québécois de valorisation des biomasses et des biotechnologies,Alain Lavoie,cqvb@cqvb.qc.ca,418-657-3853,418-657-7934,"2875, boul. Laurier, Suite 620",Sainte-Foy,QC,CANADA,G1V 2M2
Changing World Technologies (CWT),"Brian Appel, CEO",cwt@changingworldtech.com ,516-486-0100,516-486-0460,460 Hempstead Avenue,West Hempstead,NY,USA,11552
Charles R. Browning & Associates ,,,919-782-3432,919-781-7796,"Suite 102 
3008 Anderson Drive",Raleigh,NC ,USA,27609
CiTEC International Ltd Oy,Rune Westergård,rwe@citec.fi,+358 6 324 0700,+358 6 324 0800,PO Box 109,SF-65101 Vaasa,,FINLAND,
"Clean Air Systems, Inc.
",President,classiebat@aol.com,"954-785-9911
",954-783-8535 ,"6278 N. Federal Highway,
Suite 166",Ft. Lauderdale,FL,USA,33308
Clear-Green Biotechnologies (Bioscan Technologies),Clayton Sparks / Ben Voss,clays@clear-green.com,306-931-2610,306-931-6610,#13-1724 Quebec Ave.,Saskatoon,SK,CANADA,S7K 1V9
CNETE,Richard Northon,rnorthon@cnete.qc.ca,819-539-8508,819-539-8880,"2263, avenue du Collège",Shawinigan ,PQ,CANADA,G9N 6V8
"Conklin Company, Inc. Animal Products Division ",Larry Roth,larry.roth@conklin.com,952-445-6010,,"551 Valley Park Drive, P.O. Box 155",Shakopee,MN,USA,55379
Consultant??,Herb Williamson,hwilliam@attcanada.ca,,,,Jarvis,,,
Cooperative Extension Service,Glen Fukumoto,gfukumot@hawaii.edu,808-322-4892,808-322-4895,P.O. Box 208,Kealakekua,HI,USA,96750
Cortex Ltd. (EnviStim),Mr. Juraj Jarscur,cortex@vadium.sk,+421 91 724 939,+421 91 725 916,Vajanskeho 1,080 01  Presov,,SLOVAK REPUBLIC,M4E 1Y1
CPC - Cogeneration Power Company,Tom Maestri,tmaestri@worldnet.att.net,Mary Land: 301-829-3347 or Idaho: 208-772-3231,208-772-7580,"9321 N. Government Way, Suite H 
",Hayden Lake,ID,USA,83835-8263
CRIQ,Gerardo Buena,infocriq@criq.qc.ca,514-383-1550 or 1 800 667-4570,514-383-3250,"8475, avenue Christophe-Colomb",Montréal ,PQ,CANADA,H2M 2N9 
Cyclus Enviro Systems,Dennis Burke,dab@cyclus.com,360-923-2000,360-923-1642,6007 Hill Road NE,Olympia,WA,USA,98516
Cytozyme Laboratories Inc. ,,cytozyme@cytozyme.com,800-354-1726,801-537-1312,134 South 700 West,Salt Lake City,UT,USA,84104
David Bromley Engineering Ltd. ,David Bromley,bromley@oanet.com,604-834-3945,604-834-3948,"Suite 300, 1207 Pacific Blvd. ",Vancouver,BC,CANADA,V6Z 2R6
Demonstration Farm,Denis LaFrance,,819-353-3850,819-358-3859,rue Principale,Saint-Elizabeth-de-Warwick,QC,CANADA,J0A 1M0
"Dept of Agricultural and Biological Engineering, Cornell University",Paul Reeves,reeves@hawk.aben.cornell.edu (fatal),607-255-754,607-255-4080,316 Riley-Robb Hall,Ithaca,NY,USA,14853
Desert Microbial Products,Bill Highbanks,,480-839-8063,480-838-7581,2069 E. Carson,Tempe,AZ,USA,85282-7405
Deutrel Industries / Nu Science Corporation ,Jerry Rhoten,openall@deutrel.com,661-948-8898 ,,,Lancaster,CA,USA,
DGH Engineering Ltd./Bio-Terre Systems Inc. ,Dennis Hodgkinson,dgheng@mb.sympatico.ca,204-334-8846,204-334-6965,12 Aviation Blvd.,St. Andrews,MB,CANADA,R1A 3N5
Distributors Processing Inc.,Rueben Walker,,630-961-1984,,1039 Knoll Dr.,Naperville,IL,USA,60565
Dobbie & Co Ltd,John Winders,,+44 181 393 3192,,42 The Green,Ewell,Surrey,UNITED KINGDOM,KT17 3JJ
Double T Equipment Manufacturing Ltd. ,Rey Rawlins,solutions@double-t.com,403-948-5618,403-948-4780,"#2 East Lake Way, P.O. Box 3637",Airdrie,AL,CANADA,T4B 2B8
Down to Earth Eco Farm Products Inc. ,Cors de Lint,,604-856-6919,604-792-8720,28005 McTavish Road,Abbotsford ,BC,CANADA,V4X 2B9
Dranco Organic Waste Systems,Winfried Six,,+32 9 2330 204,+32 9 2332 825,Dok Noord 4,B-9000 Gent,,BELGIUM,
DRYVAC CANADA LTD. ,Donald C. Kerr,dck.moose@sympatico.ca,905-985-4025,905-985-3181,30 Hyland Crescent,Port Perry,ON,CANADA,L9L 1R8
DSD Gas und Tankanlagenbau GmbH (moved??),Lars Klinkmüller,,+49 30 929 010,+49 30 929 0114,Pablo Picasso Straße 45,D-13057 Berlin,,GERMANY,
Duke Engineering and Services (now Framatome),Harold L. Backman,hbackma@duke-engineering.com (fatal) ,704-373-3384 (wrong)   ,704-382-7669 ,"400 S. Tryon Street, P.O. Box 1004",Charlotte,NC,USA,28201 
Dupps Company,Bob Stevens,engr@dupps.com,937-855-6555 ,937-855-6554,548 North Cherry Street ,Germantown,OH,USA,45327-0189 
E3 International Pty Ltd. ,Stuart Dix,stuartdix@ethree.com.au,+61 7 3878 6030,+61 7 3878 9955,246A Russell Terrace,Indooroophilly,QLD,AUSTRALIA,4068
EarthCorp Environmental,Duane McBain,dmcbain1@telus.net,403-337-4090,,Box 1297,Carstairs,AL,CANADA,T0M 0N0
ECB Enviro Berlin AG,Stefan Michalski ,info@ecbag.de,+49-30-47-797-0,+49-30-47-797-101,Buehringstrasse 6,13086 Berlin,,Germany,
Eco Tec,Terho Jaatinen,,+358 9 4357 7477,+358 9 4357 7488,Valkärventie 2,SF-02130 Espoo,,FINLAND,
Ecochem,,admin@ecochem.com,403-854-3617,403-854-4186,P.O. Box 1388,Hanna,AL ,,TOJ 1PO
EcoEnergy Corp. ,David Leskowski,dleskowski@ecoenergycorp.ca,807-473-6400,807-625-9323,212 S. Archibald St.,Thunder Bay,ON,CANADA,P7E 1G3
Ecofluid Systems Inc.,"Karel V. Galland, President",info@ecofluid.com,604-662-4544,604-662-4564,101-366 E. Kent Ave. South,Vancouver,BC,CANADA,V5X 4N6
Ecofuels Corp.,Jeffrey Lighthart,j.lighthart@ecofuelscorp.com,763-582-0398,763-852-0407,"1710 Douglas Dr. North, Suite 100",Golden Valley,Minnesota,USA,55422
"Ecolo Odor Control Systems, Inc.
",Don Rogers,info@ecolo.com,1-800-667-6355 or 416-740-3900,416-740-3800,Penn Drive,Etobicoke,ON,CANADA,60564
"Ecological Laboratories, Inc. ",Barry Richter,ecolog1@aol.com,516-379-3441 or 1-800-645-2976,516-379-3632,"215 N. Main St., P.O. Box 132",Freeport,NY,USA,11520
Ecomark Ltd.,Mark Polet ,mpolet@ecomarkenv.com,780-444-0706,780-481-2431,"110, 10525 170th Street",Edmonton,AL ,CANADA,T5P 4W2
ECO-TEK Wastewater Treatments Inc. ,Kim Rink,ecotek@imag.net ,604-882-2999,"604-882-8988 
","#7-20543 96th Avenue 
",Langley,BC,CANADA,V1M 3W3
Egan's Associate,Bob Montisse,,705-791-3821,,,Barrie,ON,CANADA,
Ekokan LLC,Alexandra Kantardjieff,ekokan@mindspring.com,919-469-3727,919-467-0294,P.O. Box 5354,Cary,NC,USA,27513
ELF ATOCHEM / GRANDE PAROISSE,J.M. Lartigue-Peyrou,lartiguepj@pari41L.elf-atochem.fr (fatal),33-1-49-00-81-09,33-1-49-00-72-53,"Cours Michelet
La Defense 10",Paris La Cedex,,FRANCE,92091
"EM Technologies, Inc. ",John Phillips,,630-293-1886,630-293-4993,"1802 West Grant Rd., Suite 122",Tucson,AZ,USA,85745
Encon Technologies Inc.,Dennis Antony,dantony@enconcovers.com,204-338-2514,204-334-6965,12 Aviation Boulevard,St. Andrews,MB,CANADA,R3A 3N5
Énergie-Bio G.V. ,Gilles Vilandré,,418-847-0241,418-847-0241,1343 avenue de la Montagne ouest,Val-Belair,QC,CANADA,G3K 1W2
Engineering Concepts,John Petering,john@agtoast.com,651-487-2953 ,507-387-7415,1110 Iowa Ave. W. ,Saint Paul ,MN,USA,55108-2242
Enhanced Biotechnologies Inc.,John Cameron,cameronj@bioscaninc.ca,403-735-1036,,,,,,
ENPAR Technologies Inc.,"Dr. G. Shelp, Mr. L. Seed, Dr. J. Warren",enpartechnologies@bellnet.ca,519-836-6155,519-836-5683,449 Laird Rd. Unit 12,Guelph,ON,CANADA,N1G 4W1
Entec Umwelttechnik GmbH,Jens Trenkel,office@entec-umwelttechnik.com,+49 3321 460236,+49 3321 460238,Paul-Jerchel Str. 2,D-14641 Nauen,,Germany,
"ENTEK BioSystems, LC",Bob Urell,entekbio@aol.com,757-365-4155,757-657-6500,PO Box 372,Smithfield,VA,USA,23431-0372
ENV Treatment Systems Inc.,Edward M. Pikovnik,envinc@interlog.com,416-503-7639,416-503-8925,70 High Street,Etobicoke,ON,CANADA,M8Y 3N9
Envirem Technologies Inc.,bob kylee,sales@envirem.com,506-459-3464 or 1-800-524-9411,506-453-1332,180 Hodgson Rd.,Fredericton,NB,CANADA,E3C 2G4
Enviro 2000 Pelletizer Ltd.,Dale Geck,dgeck@enviro2000.com,604-881-7093,604-881-7095,"Unit #250, 19358 - 96 Avenue. ",Surrey,BC,CANADA,V4N 4C1
ENVIROASIA,,mail@enviroasia.com,852-2519-4341,852-2511-6711,"c/o 23rd Floor, Kinwick Centre, 32 Hollywood Road",,,Central Hong Kong,
Enviro-Control Ltd,Paul Stafford,,+44 1222 734 738,+44 1222 549 909,"26 Forsythia Drive, Greenways",Cyncoed,Cardiff,UNITED KINGDOM,CF2 71 1P
Enviro-Energy Systems,Dr. Galen D. Loven,gdl@enviro-energycorp.com,509-921-9150,509-927- 4081,4430 Haskell Avenue,Encino,CA,USA,91436
"Enviroenergy Systems, Inc.",Richard Reeser,,703-391-6025,703-456-0414 ,12030 Sunrise Valley Drive,Reston,VA,USA,22091
Envirogain Inc. ,Rock Chabot,rock.chabot@envirogain.com,418-834-2640 x. 226,418-839-1419,"1112 boulevard de la Rive-Sud, bur.210",Saint-Romuald,PQ,CANADA,G6W 5M6
"EnviroGro Solutions, Inc.",Eric Evans (no longer works there),envirogro@enter.net,215-249-4922,215-249-8466,123 North Main Street,Dublin,PA ,USA,18917
"Environmental Fabrics, Inc.",Dennis Shanklin,dshanklin@environmentalfabrics.com info@environmentalfabrics.com,1-800-910-5280 or 803-551-5700,803-551-5701,85 Pascon Court,Gaston,SC,USA,29053
Environmental Power Corporation,,,603-431-1780,603-431-2650,"One Cate Street, 4th Floor",Portsmouth,NH,USA,03801
Environmental Products & Technologies Corporation,John Graham,informed@eptcorp.com,818-865-2205,818-865-2210 ,5380 North Sterling Center Drive,Westlake Village,CA,USA,91361
Environmental Treatment Systems Inc. ,Charles (Chuck) Ross,,770-384-0602 ,770-384-0603,"1500 Wilson Way, Suite 100 ",Smyrna,GA,USA,30082
Environomics,Richard Mattocks,utter@compuserve.com,718-884-6740 ,718-884-6726 ,"5700 Arlington Avenue, Suite 17A, P.O. Box 371 ",Riverdale,NY,USA,10471
Enviropure,Robin Martlew,,905-692-6666,905-692-5819,P.O. Box 7,Hannon,ON,CANADA,L04 1P0
"Enviroquip, Inc.",Elena Bailey,Elena.Bailey@enviroquip.com,512-834-6000 ,512-834-6039,"2404 Rutland Drive, Suite 200 ",Austin,TX,USA,78758
Enviro-Science Laboratories Inc. ,Timothy Knight,timk@aquabiologic.com,604-327-4645 / 1-800-567-1191,604-327-9434 ,8250 Ross St.,Vancouver,BC,CANADA,V5X 4C6
EnviStim,Mr. Hilar Holvay,hito@sympatico.ca,416-690-6978,416-690-6737,32 Cassels Avenue,Toronto,ON,CANADA,M4E 1Y1
Envron Environmental,Allan Finney,envron@sk.sympatico.ca,306-586-3353,306-584-2595,4317 Robinson St.,Regina,SK,CANADA,S4S 3E4
EPR Scotland Ltd ,,blaird@eprl.co.uk,+44 01592 868 964,,"The Westfield Biomass Plant 
","Westfield, Cardenden 
 ","Fife 
",UNITED KINGDOM,"KY5 0HR 
"
ERAC-USA LLC,John Candler,erac-usa@att.net,918-712-0500,918-712-0501,3908 E. 26th St.,Tulsa,OK ,USA,74114
"F.D. Deskins, Inc. ",Greg Arceneaux,deskins@netdirect.ner,254-749-4576 or 765-724-7878,765-724-7267,23 Fairway Drive,Alexandria,INDIANA,USA,46001
FAN Separator GmbH,Andreas Ferch,fan.germany@t-online.de,+49 2520 910-0,+49 2520 91-100,Oelder Str. 10,59302 Oelde,,GERMANY,
Farm Energy,Mike Verellen,sales@farmenergy.com,519-764-2083,519-764-9622,"P.O. Box 1479, R.R. # 3",Petrolia,ON,CANADA,N0N 1R0
Farmatic Biotech Energy AG ,,info@farmatic.com,+49 (0)4392 91 77-0,+49 (0)4392 58 64,Kolberger Strasse 13,24895 Notdorf,,Germany,
Feeco International Inc.,Brent Cummings,bcum2@earthlink.net feeco@feeco.com,815-332-8929,815-332-7050,3913 Algoma Rd. ,Green Bay,WI,USA,54311
Feldmann and Associates,Terry Feldmann,tfeldmann@aol.com (fatal),309-699-6962   ,309-699-6964,11191 Carolyn Court,East Peoria,IL,USA,61611
"Ferm Tech, Inc.",Dirk Quartemont,dqdude@compuserve.com,HO: +49 2247 757299 (+49 2247 89 789),HO: +49 2247 757312 (+49 2247 89 694),Gretelweg 2,D-53819 Neunkirchen,,GERMANY,
Fibrowatt Inc./Fibrowatt LLC,Anne Donato,anne.donato@FibrowattUSA.com ,215-321 4866 x103,215-321-3909,"Makefield Executive Quarters, 301 Oxford Valley Road, Suite 704A",Yardley,PA ,USA,19067
Filtration & Separation Dynamics,Karen Chmitz,sales@fsdfilters.com,1-800-937-1456 or 716-549-2500,716-549-3950,9542 Hardpan Rd.,Angola,NY,USA,14006
First American Scientific Corporation,Brian Nichols / James Holland,info@fasc.net / jholland@fasc.net,1 800 561-8656 or 604- 575- 3006,604-575-3166,5333 - 176th Street,Surrey,BC,CANADA,V3S 0L5
"Fischer Enterprises, Inc. ",,,515-378-3365 Disconnected,515-378-3375 Disconnected,2415 Utah Ave.,Thor,IA ,USA,50591
"Fox Engineering Associates, Inc.",Dale Watson,dwatson@foxeng.com,515-233-0000   ,515-233-0103,1531 Airport Rd.,Ames,IA,USA,50010
Fraunhofer IGB,Prof. Dr. W. Trösch,troe@igb.fhg.de,+49 7119 70-42 20,+49 7119 70-42 00,Nobelstrasse 12,70569 Stuttgart,,GERMANY,
Fritz Concrete Inc. ,Tom Fritz,fricon@bmts.com ,519-366-2253,,"R.R.1, 173 Conc. #6 ",Chepstow,ON,CANADA,N0G 1K0 
Fukui North America,LeeAnn Reinert,leeann@fukuina.com,613-628-2082,613-628-2688,"P.O. Box 669, 110-B Bonnechere Road",Eganville,ON,CANADA,K0K 1T0
Full Circle Organics Inc.,Chris,chris@village.walton.on.ca,519-887-6735,,,Walton,ON,CANADA,N0K 1Z0 
"G.T. Environmental Technology, Inc. ",Stuart Bank,gtenvtec@flash.net ,281-997-0200,281-997-0201,7801-C Thomson Street,Pearland,TX,USA,77581
Gagnon Renewable Resources Inc.,Rick Gagnon,rgagnon1@onlink.net,705-282-2909,705-282-0597,R.R. #2,Gore Bay,ON,CANADA,P0P 1H0
GangaGen Life Sciences Inc. ,Kishore Murthy ,kmurthy@gangagen.com,613-225-8957,613-225-2223,"Suite 1, Building 400, Ottawa Biotechnology Incubation Centre, 1740 Woodroffe Avenue",Ottawa,ON,CANADA,K2G 3R8
GBU mbH ,,info@gbunet.de ,+49-6251-801-0 ,+49 6251 801-180,Wiesenstraße 1 ,64625 Bensheim,,GERMANY,
General*Bioenergy,Phillip Badger,info@bioenergyupdate.com,256-740-5634,256-740-5635,3115 Northington Crt. ,Florence,Alabama,USA,35630
GeoPacific Lining,William Wolfe,geopacific@cresmont.com (fatal),206-284-2378 (disconnected)  ,206-283-7068,P.O. Box 94606,Seattle,WA,USA,98124-6906
"GHD, Inc",Steve Dovorak,,920-849-9797 ,920-849-9160,P.0 Box 69,Chilton,WI,USA,53014
Global Earth Products Inc.,Tom Smith,globalearth@yahoo.com,705-726-1339,705-721-4091 ,R.R. # 2,Utopia,ON,CANADA,L0M 1T0
Global Recycling Technologies Inc. (GRT),Henry Dayday,,,,,,,,
"Global Repair, Administrative Offices and Distributor for Sittler's Manufacturing",Valerie Moen,sales@globalrepair.ca,416-686-3690,416-686-1744,33 Bellefair Avenue,Toronto,ON,CANADA,M4L 3T7
Global Resource Recovery Organization,Carol,info@grro.net cjfarbs@aol.com,1-888-298-1812 or 941-782-5530 ,941-782-5532 ,6150 S.R. 70 E,Bradenton,FL ,USA,34203
Graveson Energy Management,Donald Weltz,d.weltz@sympatico.ca,519-373-2734,519-371-8852,200 6th Ave West,Owen Sound,On,Canada,N4K 6H5
Groupe Dynaco,Rosaire Beaulieu ,dynaco@dynaco.ca,418-856-3807,418-856-4952,"87, route 132 ouest",La Pocatière,QC,CANADA,G0R 1Z0
H2Flow Equipment Inc. ,Michael Albanese,Michael@h2flow.com,905-264-2188,905-264-2062,"80 Carlauren Rd., Unit #24",Woodbridge,ON,CANADA,L4L 7Z5
Haase Energietechnik GmbH,Oliver Martens,oliver.martens@haase.de orinfo@haase-energietechnik.de,+49 4321 878-247 ,+49 4321 87829,Gadelanderstraße 172,D-22531 Neumünster,,GERMANY,
"Hadley and Bennett, Inc.",Spencer Bennett,bennettfarm@conknet.com,603-428-3851  ,603-428-3851,P.O. Box 517,Henniker,NH,USA,03242 
HARCO AG EQUIPMENT,Jim Harkness,harquip@wightman.ca,519-338-2923,519-338-3946,"R.R. #4, 5808 Hwy 9",Harriston,ON,CANADA,N0G 1Z0
Harolds Equipment Inc.,Harold,info@haroldsequipment.com,330-893-2348 or 1-800-905-0940,330-893-3459,2120 CR 168,Dundee,OH,USA,44624
HETEK Solutions Inc. ,G. Wayne Hennigar,wayneh@healthtd.com,519-659-1144,519-453-2182,2085 Piper Lane,London,ON,CANADA,"N5V 3S5
"
HGC: Hamburg Gas Consult,Guido Gummert,,+49 40 235 33 0,+49 40 235 333 730,Heidenkampsweg 101,D-20097 Hamburg,,GERMANY,
Hoffland Environmental Inc. ,Robert O. Hoffland,hoffland@flex.net,936-856-4515,936-856-4589 ,10391 Silver Springs Road,Conroe,TX,USA,77303-1602 
Holbec Inc.,,holbec@holbec.qc.ca,514-379-9214,514-379-9011,831 rue Principale ,St-Paul d'Abbotsford ,QC,CANADA,J0E 1A0
Holland Equipment Limited,Joe Todd - Matt Mayer (ON sales rep),aerway@thehollandgroupinc.com - matt.mayer@aerway.com,519-863-3414 or 1-800-457-8310,519-863-2398,20 Phoebe Street,Norwich,ON,CANADA,N0J 1P0
Horton CBI,Mark Stobart,mstobart@chicagobridge.com,403-264-1333,403-266-2453,45 Hampton Cres. NW,Calgary,AL,CANADA,T3A 5W1
Husky Farm Equipment,,husky@agdealer.com,519-846-5329,519-846-9378,7440 Wellington Road 17,Alma,ON,CANADA,N0B 1A0
Hydra-Logic Systems Inc.,Bill Ormsby,ormsby@hydrastatic.com,705-735-9535,705-735-9540,210 Saunder Road,Barrie,ON,CANADA,L4N 9A2
Hydra-Static Systems Inc.,Bill Ormsby,ormsby@hydrastatic.com,705-735-9535,705-735-9540,210 Saunder Road,Barrie,ON ,CANADA,L4N 9A2
"Hydro Agri North America, Inc.",Odourless,,1-800-869-8764 or 813-222-5700,"813-222-3855
","100 North Tampa Street, Suite 3200",Tampa,FL ,USA,33602
Hygrex Spher Industries,Erwin Spehr,hygrex@aol.com,905-951-3145,905-951-3264,"11 Holland Drive, Suite 5/6, P.O. Box 346",Bolton,ON,CANADA,L7E 5T3
Illumina,Tom McBurney,illumina-inter@rogers.com,519-635-0435,519-741-2016   ,,Kitchener,ON,CANADA,
IMC Global,Dirk Ax,"daprichard@imcglobal.com
",847-739-1427,847-739-1632,"100 S. Saunders Rd., Suite 300",Lake Forest,IL,USA ,60045-2561
IMK BEG Bioenergie GmbH,,,+49 2366 305 262,+49 2366 305 230,Konrad Adenauerstraße 9-13,D-45699 Herning,,GERMANY,
Integrated Waste Systems Inc.,Bob Ferguson,ferguson@cadvision.com,403-547-2123,,201 Ganson St. ,Buffalo,NY,USA,14203
International Bio-Recovery Corp.,Dr. Fahimeh Mirminachi or Ben Van Dyk,fmirminachi@ibrcorp.com or benvandyk@ibrcorp.com,604-924-1023,604-924-1043,52 Riverside Drive,North Vancouver,BC,CANADA,V7H 1T4
International Bio-Recovery Corporation,J. Harry Prenger,,613-565-8309 or 1-888-258-8988,,#2804-221 Lyon St. North,Ottawa,ON,CANADA,K1R 7X5
"Ionics Italba, SpA",,,+39 226 000 426,+39 227 079 291,Via G. Livraghi /B,I-20126 Milano MI,,ITALY,
Iowa State University, Shihwu Sung ,sung@iastate.edu,515-294-3896,,"376 Town Engineering, Iowa State University",Ames,IA,USA,50011
IPEC,,sales@ipec-screens.com,604-291-7150 or 1-800-663-8409,604-291-7190,2889 Norland Ave.,Burnaby,BC,CANADA,V5A 3A9
JET-PRO Company Inc. ,Sheryl???,,513-325-9811,,,Springfield,OH,USA,44501
JF BioEnergy Inc ,John Flottvik,"jovick@telus.net
",604-556-3542,604-556-3547,# 201-33555 South Fraser Way ,Abbotsford,BC,CANADA,V2S 2B8
Jim Wilkins Consulting (CDN rep for American Eco-Systems Inc.),Jim Wilkins,,519-376-5335,519-376-4317,2594  GREY ROAD 18 ,Owen Sound,ON,CANADA,
Jysk Biogas A/S,Kjeld Johansen,,+45 98 333 234,+45 98 678 711,Haals Bygade 15,DK-9260 Gistrup,,DENMARK,
KC Environmental Group Ltd. ,Margaret Marra Angella Vertzaya,margaret@cleanitgreenit.net angella@cleanitgreenit.net,780-488-7926,780-452-8284,15619-112 Avenue,Edmonton,AL,CANADA,T5M 2V8
Kennedy Enterprises,Dave Kennedy,,641-444-3736,,508 3rd Avenue NE,Belmond,IA,USA,50421
KMW Group,Bengt Jobe,bjobe@kmwgroup.com,519-686-1771,519-686-1132,3330 White Oak Rd,London,ON,CANADA,N6E 1L8
"Koch Membrane Systems, Inc.   ",Kevin Donahue,donahuek@kochind.com  kochmem@kochind.com,978-694-7175,978-694-7020,850 Main Street   ,Wilmington,MA,USA,01887
Kompogas AG,,info@kompogas.ch,+41 1 809 7100,+41 1 809 7110,Rohrstraße 36,CH-8152 Glattbrugg,,SWITZERLAND,
Krüger A/S,Karsten Buchhave,,+45 8746 3300,+45 8746 3420,Klamsagervej 2-4,DK-8230 Åbyhøj,,DENMARK,
Kyte Centrifuge Sales and Consulting,Kenneth Kyte,kyte.ken@juno.com,252-633-5783,252-633-4826,4901 Morton Road,New Bern ,NC,USA,28562
K-Zyme Laboratories,,,540-989-1216,540-989-1217,"3807 Brandon Rd., Suite 217",Roanoke,VA,USA,24018
Landa Water Blaze / RGF,Graham Johnson,,800-562-4993 or 360-833-2874,,4275 NW Pacific Rim Blvd.,Camas,WA,USA,98607
Larsen Engineers,Ram Shrivastava,,(716) 585-272-7310,585-272-0159,700 West Metro Park,Rochester,NY,USA,14623-2678
Layfield Geosynthetics & Industrial Fabrics Ltd,Mark Simpson,msimpson@layfieldgroup.com,905-761-9123,905-761-0035,"Unit 53, 8600 Keele Street ",Concord,ON,CANADA,L4K 4H8
Legoff Ltée.,Yves Legoff,,819-472-3271,819-472-4087,"1001 rue Bernier, C.P.365",Drummondville,QC,CANADA,J2B 6W3
"LEMNA TECHNOLOGIES, INC.",Jim Martin,jmartin@lemna.com ,612-253-2002,612-253-2003,2445 Park Avenue,Minneapolis,WI,USA,55404
Les Composts du Québec inc.,Roch Buteau,composts@composts.com ,418-882-2736,418-882-2255,"415, chemin Plaisance, C.P. 448",Saint-Henri,QC,CANADA,G0R 3EO
Les Œufs Breton Ltée,Yves Martineau,divenv@globetrotter.net,418-475-6601,418-475-4433,"1312, rue Saint-George",Saint-Bernard-de-Beauce,QC,CANADA,G0S 2J0
Linde-KCA-Dresden GmbH,Gerhard Langhans,gerhard_langhans@lkca.de,+49 3 51 250-3124,+49 3 51 250-48 26 / 4847,Bodenbacher Strasse 80 / P.O.B 210353,D-01277 Dresden / 01265 Dresden,,GERMANY,
"LIPP GmbH, Systemes de Biogaz LIPP",R. Lipp / Roland Mittner,info@lipp-system.de mittbril@qc.aira.com,+49-7964-9003-0 819-842-2565,+49-7964-9003-27,"Industriestrasse 36, 18 route 143 sud",73497 Tannhausen  North Hatley,QC,CANADA,Y0B 2C0
Lock Four,Mr. Stacey Gettier,swg@erols.com,804-834-8317 ,,P.O. Box 474,Waverly,VA,USA,23890
Lystek International Inc. ,Frank Hovey,frank.hovey@lystek.com,519-880-2170,519-747-8125,"Suite 107, 279 Weber Street North",Waterloo,ON,CANADA,N2J 3H8
M.J. Silver & Associates,Michael Silver,mjsilver@sprint.ca,204-489-7458,204-489-7458,"Box 424, Station L",Winnipeg,MB,CANADA,R3H 0Z6
Mabarex Inc.,Louis Barré,mabarex@mabarex.com,514-334-6721,514-332-1775,2021 Halpern St.,St-Laurent,QC,CANADA,H4S 1S3
Maltin Pollution Control Systems Ltd,Chris Maltin,,+44 1963 370 100,+44 1963 371 300,Gould’s House,Horsington,Somerset ,UNITED KINGDOM,BA8 0EW
"Mason Dixon Farms, Inc.",Sir/Madam,mdf@cvn.net ,717-334-4056,717-334-1633 ,1800 Mason Dixon Road ,Gettysburg,PA ,USA,17325
Meunerie J.B. Dionne et fils,Jean-Marie Dionne,jbdionne@globetrotter.qc.ca,418-775-7713,418-775-9702,"1674, boul. Gaboury, C.P.5",Mont-Joli,QC,CANADA,G5H 3K8
"Microgy Cogeneration Systems, Inc.",Benjamin Brant,bbrant@microgy.com ,303-384-9402 ,303-384-9403,"1767A Denver West Blvd., Suite 15",Golden,CO,USA,80401
"Microgy Cogeneration Systems, Inc.",Dan Eastman,deastman@microgy.com,262-242-9430,,,,,,
"Micro-Link, LLC",Tom Walkins,microbelink@worldnet.att.net,716-633-5678 or 5980,716-633-6614,110 Surrey Run ,Williamsville,NY,USA,14221
"Milieu-Nomics, Inc. ",Dan Williamson,dwilliamson@milieu-nomics.com,630-871-9010,630-871-0303,"The DuPage Technology Center, 100 Bridge Street",Wheaton,IL,USA,60187
"Monsanto Enviro-Chem Systems, Inc.",Steve Meyer,"enviroch@na1.monsanto.com
","314-275-5700 
",314-275-5701 ,14522 South Outer Forty Road,St. Louis,MO ,USA,63017  
Motherwell Bridge Envirotech Ltd,,,+44 1698 266 111,+44 1698 269 774,P.O. Box 4,Logans Road,Motherwell,UNITED KINGDOM,ML1 3NP
MPL Industies Ltd. ,Gérald Lagacé, lagace.gerald@sympatico.ca,705-721-4475,,61 Hanmer Street East,Barrie,ON,CANADA,L4M 6V3
MTS Environmental Products ,Paul Revington,,519-235-2808 / 1-800-294-9725,519-235-1074,215 Pickard Road,Exeter ,ON,CANADA,N0M 1S3
"National Environmental Technologies, Inc.",,,"910-529-0232 
",,,Charlotte,NC,USA,
"NaTRx, Inc. ",Ben Foster,"ben@npti-natrx.com 
",1-888-628-7948,,203 S. Main,Muleshoe,TX,USA,79347
"Natural Aeration, Inc.","Gary Wegner, CEO","naturalaeration@circul8.com 
",509-796-4825,509-796-4826,"@ Wegner Ranch, 28598 North Riffe Road",Reardan,WA,USA,99029
NEK Environmental technologies Inc.,Benjamin Strehler,bstrehler@nek.ca,613-224-1594,613-224-1642,"1390 Prince of Whales Drive, Suite 107",Ottawa,ON,CANADA,K2C 3J6
NEO PRODUCTS,,,888-977-4848 wrong,517-743-8240,448 E. Oliver St.,Corunna,MI,USA,48817
NEP Canada,Bernie Hertzman/ Paul Demaleco,cleen@sprint.ca,905-737-0172 cell: 416-821-8703,905-737-0162,70 Newkirk Road,Richmond Hill,ON,CANADA,L4C 3G3
NewBio,Mike Gratz,mike@newbio.com,612-476-6194,612-476-8622,"Suite 920, 15500 Wayzata Boulevard",Wayzata,MN,USA,55391
"NNR: Nellemann, Nielsen & Rauschenberger A/S",Lars Baadstorp,,+45 86 147 111,+45 86 140 088,V. Kongevej 4-6,DK-8260 Vibe J,,DENMARK,
NORAM Engineering and Constructors Ltd.,Steven Fopora,sfopora@noram-eng.com wastewatersales@noram-eng.com ,604-681-2030  ,604-683-9164,400-200 Granville Street,Vancouver,BC,CANADA,V6C 1S4
Norlen Systems Inc.,Glenn McKonkey,norlen@on.aibn.com,613-394-1922,613-394-4311,340 Sydney Street,Trenton,ON,CANADA,K8V 5R6
"North Carolina Cooperative Extension Service, Onslow County",Dr. Diana M.C. Rashash,drashash@onlsow.ces.ncs.edu,910-455-5873,910-455-6767,,,NC,USA,
Northern Watertek Corporation,Jeffrey A. White,jwhite@watertek.org,613-443-1118,613-443-2527,200 Commerce Road,Vars,ON,CANADA,K0A 3H0
NovaTec Consultants Inc.,Troy Vassos,Troy@NovaTec.ca,604-873-9262 x.309,604-873-2353,224 West 8th Avenue,Vancouver,BC,CANADA,V5Y 1N5
NSR: Nordvästra Skånes Renhållnings AB,Dag Lewis-Jonsson,,+46 42 107 570,+46 42 107 793,,S-251 89 Helsingborg,,SWEDEN,
Nuhn Industries,Dennis Nuhn,nuhnind@quadro.net,519-393-6284,519-393-5104 ,"RR #1, Box 160 ",Sebringville,ON,CANADA,N0K 1X0 
Nutrient Management Technolgies Ltd.,Bob Monteith,bob@nutrientmtl.com,705-791-3821,705-739-1642,38 Templeton Crescent,Barrie,ON,CANADA,L4N 6L5
N-Viro International Corporation,Ray Wallin,,613-348-3302 / Cell: 613-349-0044,,P.O. Box 280,Maitland,ON,CANADA,K0E 1P0
N-Viro International Corporation,Michael Nicholson,mnich@enviro.com,419-535-6374,419-535-7008,"3450 West Central Avenue, Suite 328",Toledo,OH,CANADA,43606
Omega Organics ,Robert Horne  Ed Niewinski,rhorne@golden.net eniewinski0429@rogers.com,519-572-7366 (Ed: 519-696-2317),519-896-6603 (Ed: 519-696-3345),"133 Broadview Ave.; PO Box 25071, SDM Hiway Centre Postal Outlet",Kitchener,ON,CANADA,N2A 2X6
Omega-Alpha Recycling Systems,Robert Hamburg,anomalous@wvadventures.net,304-655-8662 or 304-927-1815,,"Route 1, Box 51",Orma,WV,USA,25268
Ontario Rural Wastewater Centre,Anna Crolla,acrolla@alfredc.uoguelph.ca,613-679-2218 ,613-679-2420,"Collège d'Alfred, University of Guelph, 31 St. Paul Street, P.O. Box 580",Alfred,ON,CANADA,K0B 1A0
Organex International Inc. ,Don Wilson,don_wilson43@hotmail.com,,,,,,,
Organic Biotech Systems Inc.,Jerry Phillips,jerryphillips@sympatico.ca,905-608-2237,905-608-8759,"P.O. Box 67005, 2150 Burnhamthorpe Rd. W. ",Mississauga,ON,CANADA,L5L 3A0
Osprey Biotechnics,,Info@OspreyBiotechnics.com,941-351-2700,941-351-0026,1833-A 57th Street,Sarasota,FL,USA,34243
"Oswald Green, Inc.",Dr. William J. Oswald,,925-689-3727,925-682-2093,1081 St. Francis Drive,Concord,CA,USA,94518
Paques ADI Inc.,Dr. Al Cocci,,603-893-2134,603-898-3991,"182 Main Street, Unit 6",Salem,NH,USA,03079
Paques Solid Waste Systems BV,Marten Bennen,info@paques.nl,+31 514 60 8500,+31 514 60 3342,Postbox 52,NL-8560 AB Balk,,THE NETHERLANDS,
Paradigm Environmental Technologies Inc.,Rob Stephenson,rstephenson@paradigm.prserv.net,604-731-9060,,3585 West 29th Ave. ,Vancouver,BC,CANADA,V6T 1T2
Parker and Parker Drainage Ltd.,Wayne Cook,wcook@hay.net,519-236-7390,,,Zurich,ON,CANADA,
Patrickus & Jones SC,Robert A. Patrickus,rpatrickus@usxchange.com,920-433-9340,920-433-9209,332 South Madison St. ,Green Bay,WI,USA,54301
Patz Sales Inc. ,Doreen Roberts,norlen@reach.net,613-394-3161,613-394-4311,"340 Sidney St., Box 430",Trenton,ON,CANADA,K8V 5R6
Peacock Inc.,Bill Brooks,bbrooks@peacock.ca,905-812-7100,905-812-0069,22360 Millrace Court,Mississauga,ON,CANADA,L5N 1W2
"Pegasus Solutions, Inc.",Wayne Williams,pegasussolutions@charter.net,770-836-5275 ,770-834-2311,486 Bankhead Hwy ,Carrollton,GA,USA,30117
Penergetic International AG,Robert & Birgit Wilhelm ,info@penergetic.com ,+41 071 466 60 20,+41 071 466 70 20,Niederholzstrasse 9,CH-8593 Kesswil,,SWITZERLAND,
Pennsylvania International Trade Corp. ,,,717-234-6449  Disconnected.,717-234-4739,234 North St,Harrisburg,PA,USA,17101
Perennial Energy Corporation,Ted Landers,,417-256-2002,417-256-2801,1280 County Rd. 8690,West Plains,MO,USA,65775
"Phoenix Processes, Inc.",Aneta S. Newton,asnewton@swbell.net,405-878-9400 or 1-877-976-9400,405-878-8908,"110 N. Bell, Suite 610",Shawnee ,OK ,USA,74801
"Pinnacle Biotechnologies International, Inc.",Brian Duff,info@pinnaclebiotech.com,303-674-3236,303-674-0006,6559 Jungfrau Way,Evergreen,CO ,USA,80439
Planistics Management Ltd.  (NA distributor for Penergetic),Derek Pratt,dpratt@planistics.com,604-731-0596,604-736-0901,"Suite 329, 5525 West Boulevard",Vancouver,BC,CANADA,V6M 3W6
Power Energy Fuels Inc.,Roberto Valles,biz@powerenergy.com,303-205-1991,303-205-1990,"6595 W. 14th Ave., Suite 203",Lakewood,CO,USA,80214
Power-X,,pwxz@aol.com,209-465-0296,209-465-1605,"7 West Acadia St., Suite 6",Stockton,CA,USA,95202
Practically Green Enviornmental Services,Les Gornall,les.gornall@dial.pipex.com ,+44 1648 32615,+44 1648 32615,"Solar House, Magherafelt ,Co.",Londonderry,,NORTHERN IRELAND,BT45 6HW
Prikom/HKV,Poul Lyhne,,+45 99 268 211,+45 99 268 212,Enghavevej 10,DK-7400 Herning,,DENMARK,
PRIME Technologies,Vic Schlesinger,info@dakotavcc.com,402-572-5649,,10906 North 61st Street,Omaha,NE,USA,68152-4234
Procédé OxydH2O,Jean-Jacques Demers,info@oxydh2o.com,418-463-3388,418-463-3711,"2186, rue de la Province",Longueuil,QC,CANADA,J4G 1R7
Proene Santos,Duarte Santos,duarte@sprint.ca,519-318-3355,519-245-6811,106 Middlesex Drive ,Strathroy,ON,CANADA,N7G 4G5
Projektrör AB,Gunnar Örn,,+46 8 732 5334,+46 8 732 5344,PO Box 7256,S-183 07 Täby,,SWEDEN,
Prominep Bio Engineering,Gord Rossel,cleen@nepdm.com,905-737-0172,905-737-0162,,,,,
Purac AB,Daniel Ling,,+46 46 191 900,+46 46 191 919,PO Box 1146,S-22 105 Lund,,SWEDEN,
Pure Lean Hogs,Myles Warken/ John Haewich,purelean@purelean.com,403-504-0364 ,403-526-7539,#109 - 612 Kingsway Ave. SE,Medicine Hat,AL,CANADA,T1A 2W9
Purin Pur Inc. ,Réal Lasnier,josee@avipor.ca,450-266-6222,450-266-9922,"1418 A, rue Sud",Cowansville,QC,CANADA,J2K 2Y8
PWR Technologies Inc.,Ward Garven,ward@pwrinc.ca,403-660-7192,403-246-0966,"# 418, 100 - 4th Ave S. W",Calgary,AL,CANADA,T2P 3N2
Reaction Engineering International,,info@reaction-eng.com ,801-364-6925 ,801-364-6977,77 West 200 South Suite 210,Salt Lake City,UT,USA,84101-1609
Recycling Organischer Materialien AG,Rolf Wetter,,+41 52 722 4660,+41 52 722 4042,Mattstraße,CH-8502 Frauenfeld,,SWITZERLAND,
"Renewable Oil International, LLC",Dr. Peter Fransham,pfransha@renewableoil.com,613-852-6161,613-228-7329 ,1391 Normandy Crescent,Ottawa,ON,CANADA,K2C 0N4
"RENTEC Renewable Energy Technologies, Inc. / GBU mbH",Nils Semmler,semmler@rentec.ca,613-849-9199,613-475-0361,342 English Settlement Rd.,Trenton,ON,CANADA,K8V 5P7
"Resource Conservation Management, Inc. (RCM)",Richard Mattocks / Mark Moser,rcmdigesters@att.net,510-658-4466,510-658-2729,P.O. Box 4715,Berkeley,CA,USA,94704
"RK Industries, Inc.  BIOSTAR",Bob Kreger,biostar@mschsi.com,563-359-9500,563-359-9555,"1039 State St., Suite 203, P.O. Box 803",Bettendorf,IA,USA,52722
"ROEBIC Laboratories, Inc. ","Craig Brewer
",brewer1@iserve.net,317-578-0135,,"25 Connair Rd., P.O. Box 927 ",Orange,CT ,USA ,06477
"Roediger Pittsburgh, Inc.",Justine Thomas,jxt@roediger.com,412-487-6010,412-487-6005,3812 Route 8,Allison Park,PA ,USA,15101
Rondeau Anaerobic Inc.,Don Goyette ,ronana99@hotmail.com,519-674-1545,519-674-1555,17946 Lakeshore,Morpeth,ON,CANADA,N0P 1X0
Rosenberg International Inc. / FWB Technologies,Peter Rosenberg,rosenbergp945@aol.com,514-497-3111 or 514-483-6093,,"1117 Ste-Catherine St. West, Suite 714-715",Montreal,QC,CANADA,H3B 1H9
Roy Carr,Roy Carr,rcarr48@cogeco.ca,905-633-7596,905-333-9646,"#1103, 100 Burloak Dr.",Burlington,ON,CANADA,L7P 6P6
"RPA: Risanamento Protezione Ambiente, SpA",,,+39 755 171 147,+39 755 179 669,Str. Del Colle 1A/1 - Loc. Fontana,I-06074 Perugia,,ITALY,
S.E.C. Repro inc.,,"info@secrepro.com
",1-888-446-4647 or 450-293-0156,450-293-0157,"86, rue Roy",Ange-Gardien-de-Rouville ,QC,CANADA,J0E 1E0
Sanitherm Engineering Ltd.,R. Smith,saneng@direct.ca,604-986-9168,604-986-5377,431 Mtn. Hwy.,North Vancouver,BC,CANADA,V2J 2L1
SARC International / Little River Pond Mills,William Tooley / Doug and Lorraine Cameron,sarc@midstatesd.net lrpm@pondmill.com,1-888-226-9653   / 306-642-4240 or 1-888-766-3645,605-337-3390  / 306-642-4420 ,"Box 517, 612 Indiana Ave. / Box 1327, 301 Hwy #2 North",Platte / Assiniboia,SD / SK,USA / CANADA,57369 / S0H 0B0
SCAT Engineering Inc. ,George Paragrim,sales@scat.com ,317-842-1145,"317-842-0545
",13600 Conner Knoll Parkway,Fishers,IN,USA,46038
Schwarting-UHDE GmbH,,,+49 461 999 2121,+49 461 999 2101,Lise Meitnerstraße 2,D-24941 Flensburg,,GERMANY,
Sci-Corp Systems Inc.,Ronald Roth,scicorp@rogers.com,705-733-2626 1-800-897-2053,705-733-2618,"274 Burton Ave. Bldg. 3, Suite 203 B",Barrie,ON,CANADA,L4N 5W4
SEPTECH ENVIRONMENTAL,"Greg Ford, David Wemyss",,519-433-0808 ,519-645-0981,,London,ON,CANADA,
"SeptiTech, Inc. ",Lloyd Weaver,info@septitech.com,207-657-5252,207-657-5246,220 Lewiston Road,Gray,Maine,USA,04039
Severn Trent Services - Samsco,Robert Parrillo,"rparrillo@severntrentservices.com, sales@samsco.com",603-668-7111ex.23,603-647-0537,18 Cote Avenue,Goffstown,NH,USA,03045
"Sharp Energy, Inc.",Roy Sharp,rsharp6363@aol.com,559-688-2051   ,559-688-1111,24684 Road 148,Tulare,CA,USA,93274
Sirex Engineering,,,905-405-9977   ,,7389 Kimbel,Mississauga,ON,CANADA,L4T 3M6
Sleegers Engineering Inc.,Joe Adams,jadams@sleegers.on.ca,519-671-0236 x.223,519-451-9922,649 Third Street,London,ON,CANADA,N5E 2C1
SLR Distributing,Roger Shoemaker,rlsmaker@aol.com,402-475-4403,402-475-4403,2928 Wendover,Lincoln,NE,USA,68502
SLS Technologies Inc. ,Stéphane Hardy or JP ??,info@slstechnologies.qc.ca,450-776-6642,450-776-7488,"356-1, rue Principale",Granby,QC,CANADA,J2G 2W6
Smelox,Z. de Mespaol,,02-98-32-41-63,02-98-32-41-64,29290 Saint-Renan,,,,
"SMSI, Inc. ",,Postmaster@supermicrobe.com,301-869-8556 ,301-977-0776,"16021 Comprint Circle 
",Gaithersburg,MD,USA,20877
Snamprogetti SpA,Mr. Bassetti,,+39 721 881 769,+39 721 881 952,Via Toniolo 1,I-61032 Fano,,ITALY,
SNC Lavalin Audet,Luc Massicodte,,514-393-8000 ext. 2710,514-866-0419 ,"455 René-Lévesque Blvd. West, 21st Floor ",Montréal,QC,CANADA,H2Z 1Z3
Société d'études d'assainissement inc. ,André Balu,fabalu@sympatico.ca,514-341-4544,514-341-4544,"4488, Circle Road",Montréal,QC,CANADA,H3W 1Y7
Soil  Resource Group,Dr. Gregory J. Wall,gwall@agtest.com,519-837-1600,,503 Imperial Road North,Guelph,ON,CANADA,N1H 6T9
Soil and Water Science Department ,Ann Wilkie,acwi@gnv.ifas.ufl.edu,352-392-8699,"352-392-7008 
","University of Florida, PO Box 110960",Gainesville,FL,USA,32611-0960
SPI: Srl Societa Produzione Idrosanitari,,,+39 322 50 146,+39 322 50 334,Via per Borgomanero - Reg. Pulice,I-28060 Comignago,,ITALY,
Spinheat Ltd.,Michael Virr,,203-373-0036,,2349 Black Rock Tpke,Fairfield,CT,USA,06432
SRX Engineering,,,905-951-8503 ,,99 Ellwood Dr. East,Bolton,ON,CANADA,
Steinmüller Valorga Sarl,Claude Saint-Joly,,+33 4 67 994 100,+33 4 67 994 101,"1300 avenue Albert Einstein
Immeuble Stratégie Concept",Parc du Millénaire - BP 51,,FRANCE,F-34935 Montpellier Cedex 09
Stratech Technologies Environnementales inc.,Steven Blaney,stratech@mediom.qc.ca,418-831-6300,418-831-2636,"900, route Lagueux",Saint-Étienne-de-Lauzon,QC,CANADA,G6J 1B6
Summergreen Systems Ltd.,Daniel M. Lambert,dlambert@summergreen.com summerg@summergreen.com,519-527-2470 ,519-527-2560 ,"92 Railway Street, P.O. Box 668",Seaforth,ON,CANADA,NOK 1W0 
Super-F Inc. ,Anne-Marie Gagnon,info@super-f.com,514-648-1285,514-648-8962,7260 Honoré-Vaillancourt,Montréal,PQ,CANADA,H1E 2S2
Surface to Surface Inc.,Info Centre,sts@surfacetosurface.com,519-882-8781 or 1-800-567-0978,519-882-8784,"5150 Forest Road, R.R.#3",Watford,ON,CANADA,N0M 2S0
SWECO/VBB Viak,Anna Lindberg,,+46 8 695 6239,+46 8 695 6240,PO Box 34044,S-100 26 Stockholm,,SWEDEN,
Synagro Technologies Inc.,Paul Sellew; Randall Tuttle Pres.,secretary: jrogers @synagro.com,713-369-1700 or 1-800-370-0035,713-369-1750,"1800 Bering Dr., Suite 1000",Houston,TX,USA,77057
Systems Ecotechnologies Inc. (SEI),Dr. Gurunathan Lakshman,,306-955-0872,306-975-7011,222-111 Research Drive,Saskatoon,SK,CANADA,S7N 3R2
TAO Corporation,Shawn Kim,shawn@taocorp.biz,+82 33 763 4195,+82 33 763 4196,"#1072, Daean-ri, Hyungup-myun",Wonju-city,Kangwon-do,KOREA,Zip 220-841
"Taylor & Thomas Environmental, Inc. ",Dennis Crabtree,,727-781-5846,727-781-5759 ,2669 Cristal Circle ,Dunedin,FL,USA,34698
TBW GmbH,Andreas Krieg,,+49 69 9435 070,+49 69 9435 0711,Baumweg 16,D-60316 Frakfurt am Main,,GERMANY,
Technolyse Sa,Mcheust,,+33 02 9651 7010,+33 02 9651 7011,Le Menehy,Plenee-Jugon,,FRANCE,22640
Terra Organica,Carl Klauck,,905-895-3075,,735 Stonehaven Ave. Suite 211,Newmarket,ON,CANADA,L3X 2G3
The Dubara Company Inc.,Stephen Hoyt,steveh@albany.net ,518-732-7618  ,518-732-7618,"1177 Route 9, Suite 610",Castelton,NY,USA,12033
The Henry P. Thompson Company,Debbie Durchholz,DDurchholz@hpthompson.com,513-248-3200 or 1-800-597-5099,513-248-3201,501 TechneCenter Drive,Milford,OH,USA,45150
Three 3xR Research Inc.,Kenneth Haggerty,khaggerty@3xR.org or haggerty@istar.ca,416-221-8345,416-221-8345,"37 Hi Mount Dr.
",Willowdale,ON,CANADA,"M2K 1X3
"
Till-Tech Systems Ltd.,Ron Prong,tilltech93@execulink.com,519-775-2405,519-775-2614,6993 Quaker Rd. ,St. Thomas,ON,CANADA,N5P 3S9
Tong-Bo Institute,Sung-Dong Park or Dong-Chan Lee,dcleedclee@yahoo.ca,,,,,,SOUTH KOREA,
Transform Compost Systems Ltd. ,John Paul,john@transformcompost.com,604-504-5660,604-504-5666,#201 33230 Old Yale Rd.,Abbotsford,BC,CANADA,V2S 2J5
Trojan Technologies Inc. ,Robert Hunt,rhunt@trojanuv.com ,519-457-3400,519-457-3030,3020 Gore Road,London,ON,CANADA,N5V 4T7
UCI Bioaugmentation Research and Technology,,,541-851-8311,541-851-8312,P.O. Box 548,Klamath Falls,OR,USA,97601
Ultra Bio-Logics Inc,Tony/George,Service@ublcorp.com,1-800-361-8325 or 514-339-2650,514-333-0001,,,,,
University of Iowa,David Soll,david-soll@uiowa.edu,319-335-1117,,"Biological Sciences, 302 BBE",Iowa City,IA,USA,52242
US Filter's Envirex Products,,,262-547-0141,262-547-4120,P.O. Box 1604,Waukesha,WI,USA,53187
"USDA-ARS Coastal Plains Soil, Water, and Plant Research Center",Matias B. Vanotti ,vanotti@florence.ars.usda.gov,843-669-5203 ext 108,843-669-6970,2611 W. Lucas St.,Florence,SC,USA,29501-1241
USFilter Kruger Products,Jason Bivins,bivinsj@usfilter.com,919-677-8310 x.150,919-677-0082,"401 Harrison Oaks Blvd., Suite 100",Cary,NC,USA,27513
Val'Epure,Isabelle Robin,valepure@wanadoo.fr,+33 02 9674 5657,+33 02 9674 4113,1 rue Guynemer - BP 212 ,PLERIN Cedex ,,FRANCE,22191 
VerdiTech,Ken Abercrombie,verditch@aol.com,559-297-7370   ,559-297-7370,12749 East Heather Drive,Clovis,CA,USA,93611
Vermitech Systems,Albert (Allen) Eggan,aleggen@vermitechsystems.com,416-693-1027,416-693-9744,2328 Queen St. East,Toronto,ON,CANADA,M4E 1G9 
Vincent Corporation,Bob,bob@vincentcorp.com,813-248-2650,813-247-7557,2810 5th Avenue,Tampa,FL,USA,33605
Vulcan Performance Chemicals,Terry Pegan,contactus@vul.com,1-800-474-4086,205-298-2955,P.O. Box 385015 ,Birmingham ,AL,USA,35238-5015
Wastewater Evaporators,,info@wastewaterevaporators.com,978-256-3259 ,508-660-9613 ,166 Coney Street  ,"E. Walpole, ",MA,USA,02032 
we energies and Ag Environment Solutions LLC,Chris Iglar, ,414-221-4444,,231 W. Mighigan,Milwaukee,WI,USA,53290
Westfalia Separator Canada Inc.,Paul Scott,scott.paul@wsus.com,905-319-3900,905-319-3903,5353 John Lucas Dr. ,Burlington,ON,CANADA,L7L 6G5
WMC Resource Recovery Ltd,Peter Cumberlidge,,+44 117 973 7993,+44 117 973 3167,2 Eaton Crescent,Clifton,Bristol,UNITED KINGDOM,BS8 2EJ
"World Wide Enzymes, Inc. Odor Research Division",Michael Reif ,zymplex@hotmail.com,506-228-5853,506-228-5850,Department 40  P.O. Box 025216,Miami,FL,USA,33102
Zenon Environmental Systems Inc.,Larry Novachis,lnovachi@zenonenv.com,905-465-3030,905-465-3050,3239 Dundas St. West,Oakville,ON,Canada,L6M 4B2
Zeo-Tech Enviro Inc.,Ray / David,"zeotech@zeo-can.com
","604-684-3301 
","604-684-3394 
",Suite 2300 - 1066 West Hastings Street,Vancouver,BC,CANADA,"V6E 3X2 
"
,C.G. Jenson,,+45 86 273 499,+45 86 273 677,Stenvej 21,DK-8270 Højbjerg,,DENMARK,
,Dr. John J. Classen,john_classen@ncsu.edu,919-515-6800,919-515-7760,"Biological and Agricultural Engineering, North Carolina State University",,NC,USA,
